nom,email,telephone
AliceJohnson,alice@isi.utm.tn,123456
BobSmith,bob@isi.utm.tn,654321
CharlieBrown,charlie@isi.utm.tn,987654
DavidLee,david@isi.utm.tn,246135
EmmaTaylor,emma@isi.utm.tn,531642
FrankWhite,frank@isi.utm.tn,369852
GraceMiller,grace@isi.utm.tn,785634
HenryDavis,henry@isi.utm.tn,159487
IsabelClark,isabel@isi.utm.tn,753951
testTest,test@isi.utm.tn,824613
KellyThompson,kelly@isi.utm.tn,468279
LiamMartinez,liam@isi.utm.tn,258369
MiaRobinson,mia@isi.utm.tn,147258
NoahCarter,noah@isi.utm.tn,369147
OliviaGarcia,olivia@isi.utm.tn,951753
PeterWilson,peter@isi.utm.tn,135792
QuinnAdams,quinn@isi.utm.tn,572961
RachelThomas,rachel@isi.utm.tn,684135
SophiaScott,sophia@isi.utm.tn,798465
ThomasEvans,thomas@isi.utm.tn,246875
UmaPatel,uma@isi.utm.tn,159753
VictorMitchell,victor@isi.utm.tn,753159
WendyAllen,wendy@isi.utm.tn,369874
XavierLee,xavier@isi.utm.tn,582463
YvonneWright,yvonne@isi.utm.tn,936852
ZackYoung,zack@isi.utm.tn,471258
AlbertoNguyen,alberto@isi.utm.tn,864237
BeatriceRivera,beatrice@isi.utm.tn,325641
CarltonKing,carlton@isi.utm.tn,789456
AyoubKrimi,ayoub@isi.utm.tn,555555
